<?xml version="1.0" encoding="UTF-8" standalone="no"?>
<Context docBase="E:\桌面\MyPage\MyPage\PetAdoptionManagementSystem\src\main\webapp">
  <Resources cacheMaxSize="10240">
    <PreResources base="E:/桌面/MyPage/MyPage/out/production/MyPage" className="org.apache.catalina.webresources.DirResourceSet" webAppMount="/WEB-INF/classes"/>
    <PostResources base="E:/桌面/MyPage/MyPage/PetAdoptionManagementSystem/src/main/webapp/WEB-INF/lib/javax.servlet-api-4.0.0.jar" className="org.apache.catalina.webresources.FileResourceSet" webAppMount="/WEB-INF/lib/javax.servlet-api-4.0.0.jar"/>
    <PostResources base="E:/桌面/MyPage/MyPage/PetAdoptionManagementSystem/src/main/webapp/WEB-INF/lib/mysql-connector-j-8.3.0.jar" className="org.apache.catalina.webresources.FileResourceSet" webAppMount="/WEB-INF/lib/mysql-connector-j-8.3.0.jar"/>
    <PostResources base="E:/桌面/MyPage/MyPage/PetAdoptionManagementSystem/src/main/webapp/WEB-INF/lib/fastjson-1.2.79.jar" className="org.apache.catalina.webresources.FileResourceSet" webAppMount="/WEB-INF/lib/fastjson-1.2.79.jar"/>
    <PostResources base="E:/桌面/MyPage/MyPage/PetAdoptionManagementSystem/src/main/webapp/WEB-INF/lib/jstl.jar" className="org.apache.catalina.webresources.FileResourceSet" webAppMount="/WEB-INF/lib/jstl.jar"/>
    <PostResources base="E:/桌面/MyPage/MyPage/PetAdoptionManagementSystem/src/main/webapp/WEB-INF/lib/standard.jar" className="org.apache.catalina.webresources.FileResourceSet" webAppMount="/WEB-INF/lib/standard.jar"/>
  </Resources>
</Context>
